cele-001-001.CGCTAACCGT,4
cele-001-002.TGGAACTAGA,19
cele-001-002.TCTAGAACTA,13
cele-001-002.GGCTATGACT,7
cele-001-003.TTAACGCCGT,6
cele-001-003.AATCTGGAGT,1
cele-001-003.CGGTCGTTAA,15
cele-001-003.TATATGAAGT,0
cele-001-003.GCAATTACTC,9
cele-001-003.GTCCAACTCA,0
cele-001-005.TCGCGTACTT,26
cele-001-005.ATGGATCCGA,32
cele-001-005.GCAATTACTC,6
cele-001-006.CCTACGGCAA,3
cele-001-007.ACCAGCGCAG,6
cele-001-007.CGGAAGATAT,30
cele-001-008.CTCTTAGCGG,2
cele-001-008.CCAGGTCTAC,8
cele-001-008.ATCTGCCAAT,20
cele-001-009.ACGGCAACCA,5
cele-001-009.ACTAATTGAG,29
cele-001-009.ATCCGTTAGC,2
cele-001-010.ACTGGATGCT,21
cele-001-011.TGACCGAATC,14
cele-001-011.ACGCAACTCC,10
cele-001-011.CCGCGCTATA,15
cele-001-011.GTTGACGGCC,5
cele-001-013.ATCCATCAGG,10
cele-001-013.CTTATCCTAC,0
cele-001-014.AGGATTACCA,15
cele-001-015.CCGCAGCCGC,11
cele-001-016.TTATTCTGAG,13
cele-001-016.CGGTAGGAAT,5
cele-001-016.TGCGCCTGGT,11
cele-001-016.AGATCCTATA,22
cele-001-017.ACTCGACGCC,7
cele-001-017.CCATCGGACC,0
cele-001-017.AGTTGCATCT,21
cele-001-017.AGGCCGGTAA,4
cele-001-017.CGGCGCTGGC,0
cele-001-017.TCATCTCGAT,10
cele-001-020.CGGCGCTGGC,4
cele-001-021.TGGAAGTACC,6
cele-001-022.AACCTAGCTT,29
cele-001-022.TTCTCTACTA,7
cele-001-022.ACGACCAATA,6
cele-001-022.AATACCAGTT,5
cele-001-022.CTGCTTCGAC,7
cele-001-023.GGTCGCTATG,0
cele-001-024.AATTGCCTAC,23
cele-001-024.GTTATGGATC,9
cele-001-025.AGGTAATTCC,22
cele-001-026.TCCGGTAATC,2
cele-001-027.ATATGCCATC,24
cele-001-027.TCATCTCGAT,25
cele-001-028.ATGCTCGCAA,2
cele-001-029.ATACGCCGCC,11
cele-001-029.CGGCGCTGGC,27
cele-001-030.AACGGACCAA,9
cele-001-030.TGAACGGTAA,5
cele-001-030.TATAGTAAGC,18
cele-001-032.TTCAAGAATC,21
cele-001-032.TTATTAGTAG,10
cele-001-033.ATCATGGCTG,3
cele-001-033.GGCTCGAGAT,32
cele-001-033.TGCGAAGATC,24
cele-001-038.CAACCAGTAC,0
cele-001-039.TTCTACGCCA,4
cele-001-041.GAATCGACGT,16
cele-001-042.CAGGCTAAGA,0
cele-001-042.ACCTCTATCT,4
cele-001-043.TCTATCGGTA,15
cele-001-043.CCATTCGTAA,17
cele-001-043.GATATGGTCT,20
cele-001-044.CTTCATTAGA,19
cele-001-044.TGCGCGATGC,16
cele-001-045.TATTCCGTTA,1
cele-001-045.ACCAAGATCT,3
cele-001-046.CTCGGTCAAT,10
cele-001-047.ACTCGACGCC,12
cele-001-048.GCGCGGTAGT,22
cele-001-050.GCGACGCCTT,3
cele-001-051.CTATTAACCA,3
cele-001-051.ACCTGGACGC,5
cele-001-051.CGCGTACGAC,3
cele-001-052.GGACTCATTG,2
cele-001-053.ATGCTCGCAA,4
cele-001-055.TGATAATAGC,7
cele-001-056.GTCCAACTCA,6
cele-001-056.TGGCCATGCA,12
cele-001-058.GGACGGAGCC,3
cele-001-059.CATTCTAGAA,21
cele-001-059.CCGTTCGGAT,5
cele-001-059.CTACGACGAG,3
cele-001-060.ATACGCCGCC,1
cele-001-062.CTGCAATCGC,3
cele-001-062.AACCTAGCTT,10
cele-001-062.AGACTCAAGC,18
cele-001-063.TTGATGCTAT,7
cele-001-063.ACTCCGCCAA,11
cele-001-064.CGATCCTGGA,25
cele-001-064.CGAAGGACGA,9
cele-001-065.CGGTTATGCC,15
cele-001-065.GCAAGGAATA,3
cele-001-065.CGCCTCGAAC,11
cele-001-065.TTCTACGCCA,19
cele-001-065.TGCATATAAC,21
cele-001-065.CTACGGTAGC,16
cele-001-067.CAGCGCATCC,3
cele-001-068.AGTCGAGTTC,25
cele-001-068.ACGATACCGG,0
cele-001-068.CGGCGCTGGC,17
cele-001-069.CGGATGAAGG,3
cele-001-069.AACGCCTCTA,12
cele-001-070.AGCTAAGGTA,2
cele-001-073.TTGGATCCTT,7
cele-001-073.ACTTCCGAAT,13
cele-001-074.CATGAGAACT,8
cele-001-074.TTAATTATTG,6
cele-001-079.ATTGCGCTGA,5
cele-001-079.TACTTACTTA,10
cele-001-083.TTCCTAGACC,3
cele-001-083.CTCGGTCAAT,3
cele-001-085.CGAGCTGCCA,5
cele-001-086.ATTCTCCTCT,2
cele-001-086.TGGACTTGAC,5
cele-001-088.AATGAATAGT,29
cele-001-088.GGATATAATA,3
cele-001-088.ACTGGATGCT,3
cele-001-090.GCAACTGGCA,11
cele-001-090.GCCGTATGCT,0
cele-002-002.ACCAGTATAA,2
cele-002-002.ATCTAGGTTC,2
cele-002-002.AAGCCGGCTG,16
cele-002-002.CGCAATATCA,18
cele-002-003.CGAATAATTC,17
cele-002-003.CCTTAGTCTG,21
cele-002-004.ACTCTCTCAA,14
cele-002-004.ACGGTCTTGC,6
cele-002-005.TCCTTACCAA,30
cele-002-005.CTCTTCAAGC,5
cele-002-007.TAACGGCTGA,30
cele-002-008.AAGTCGCGCG,16
cele-002-008.TATTACTCAT,4
cele-002-008.GTATTAAGTT,5
cele-002-009.GGCTCCTCGT,0
cele-002-009.CCGATCAGCC,13
cele-002-010.TGCCAGATGG,1
cele-002-011.TCGATATTGA,10
cele-002-012.ACCAAGATCT,22
cele-002-016.CTGGATTAGT,0
cele-002-019.ACGAAGAAGC,10
cele-002-020.GTATTAAGTT,11
cele-002-021.GTTATGGATC,18
cele-002-022.CGGTTATGCC,32
cele-002-022.CTTCCAAGAA,5
cele-002-023.ATCGTATCAA,1
cele-002-023.AACTACGGCT,14
cele-002-023.CCAGTCCTCT,4
cele-002-023.TCCTCTCCGT,2
cele-002-024.AAGAAGTTCA,27
cele-002-024.ACCAGCGCAG,29
cele-002-024.CCGCTAGCTG,2
cele-002-025.TGGTCCAGTC,3
cele-002-026.ATCCTACCTC,18
cele-002-026.CGGATAGGTA,0
cele-002-026.GATTGCAGAC,1
cele-002-027.CCGCAAGTTC,0
cele-002-029.AAGAATGGAA,7
cele-002-029.AATCATACGG,23
cele-002-029.TACCTAATCA,22
cele-002-030.AGGTAATTCC,1
cele-002-031.GTAGTTGGAT,16
cele-002-032.TTAGATTCCG,13
cele-002-032.GGCTAATTAA,20
cele-002-032.CCAACTAACC,8
cele-002-033.ATGGCGGATC,19
cele-002-033.CTACGACGAG,17
cele-002-034.CGAAGGACGA,11
cele-002-034.CGATCATTAC,5
cele-002-035.CTACGGTAGC,27
cele-002-036.CGGATGAAGG,4
cele-002-036.GCCGTCGCGT,12
cele-002-036.GAAGGTTGCC,28
cele-002-036.AGAGAACTTG,2
cele-002-041.CGACTACCAA,22
cele-002-041.TGGACTTGAC,2
cele-002-042.CGCCAGGCAT,7
cele-002-043.TGCGCCATCT,19
cele-002-044.TCTGCGCGTT,9
cele-002-045.GCGACGCAGA,2
cele-002-045.GCTCTAACGA,12
cele-002-045.TGGAGAATTC,0
cele-002-046.CCGTTGACTT,0
cele-002-046.ACCATAGCGC,3
cele-002-046.TTGCTGCGCC,22
cele-002-047.TTCCATGGCA,24
cele-002-047.TTGATGCTAT,0
cele-002-047.CCAGGCCGCA,12
cele-002-047.TGGCCGGCCT,9
cele-002-048.ACTGAATTCC,21
cele-002-049.ACGGCAACCA,9
cele-002-049.CGCAATATCA,9
cele-002-050.CGATGGCGCC,6
cele-002-051.CCGTTGACTT,2
cele-002-052.CGGCAGAGGA,18
cele-002-052.TTCTACGCCA,20
cele-002-054.GGACGACGCA,31
cele-002-055.TTCAAGAATC,2
cele-002-055.TCCGCCTACT,28
cele-002-056.ATAATCTCGC,18
cele-002-057.ACTGCCGATA,1
cele-002-058.GCCATCAACT,1
cele-002-058.TCCGGTAATC,11
cele-002-058.CAAGTACTGG,17
cele-002-059.TGATAGAACG,0
cele-002-060.ATCTCCTACG,11
cele-002-061.AGGCCGGTAA,2
cele-002-062.AATAATACCA,19
cele-002-064.ATCTCCTACG,15
cele-002-065.AATAATACCA,0
cele-002-068.ACGTTCAACC,29
cele-002-068.TCGATATTGA,5
cele-002-068.CAGGAGGAGA,19
cele-002-068.CATAACCAGC,23
cele-002-071.AACTTATAAG,15
cele-002-072.TGATGGCCTT,22
cele-002-073.CTCTGATCAG,2
cele-002-074.GAGGCGGAAT,10
cele-002-074.GGATTCTATC,2
cele-002-074.GGACTACTAC,24
cele-002-074.CGAATAATTC,0
cele-002-074.ATCATGGCTG,3
cele-002-074.TCCGCCTACT,0
cele-002-078.ACCGACCTCA,3
cele-002-079.GGTAGATCAA,12
cele-002-080.CCTGAGAGCA,21
cele-002-082.TTAACGTACC,7
cele-002-082.CATGCTGGTT,8
cele-002-082.TTAGCAATAA,7
cele-002-084.ATCGTATCAA,0
cele-002-085.CTGGTTGGTT,12
cele-002-087.CAAGCTTGGC,11
cele-002-088.GGCATCTACC,2
cele-003-005.TTGATGCTAT,3
cele-003-009.CGGTTATGCC,33
cele-003-009.CATCGCGCTC,11
cele-003-009.AGTCGAGTTC,8
cele-003-015.TGAGCTACTT,33
cele-003-018.ATAATCTCGC,9
cele-003-019.TAGGCAGATA,7
cele-003-021.ACCAGTATAA,2
cele-003-024.ACTACTGAAG,23
cele-003-024.GGCTGCCTTA,11
cele-003-026.CATGACTCAA,10
cele-003-031.TCTGCGCGTT,7
cele-003-033.TATAGTAAGC,2
cele-003-034.GCTCTCGCCT,1
cele-003-035.GCAACTGGCA,3
cele-003-035.ATTCAGGTAC,2
cele-003-041.GGCATAGCTT,0
cele-003-042.GCCTCAGCAT,5
cele-003-042.CAAGTCGACC,5
cele-003-043.AATATTCGAA,2
cele-003-048.TCCAGAAGGT,7
cele-003-049.AATCAGCTGC,12
cele-003-049.ATAGGATATG,0
cele-003-049.TGCGCCTGGT,1
cele-003-050.ACGCCGTTCA,7
cele-003-050.GCAAGGAATA,24
cele-003-050.ACTGCCGATA,2
cele-003-050.TGATAATAGC,5
cele-003-054.TATTCCGTTA,4
cele-003-056.ACGCGCTCCT,2
cele-003-057.GTATCATCGA,8
cele-003-057.GGCCTCCATT,2
cele-003-059.GGACTCATTG,17
cele-003-060.ACCAGCGCAG,4
cele-003-060.TCGATATTGA,15
cele-003-060.CCTGAGAGCA,26
cele-003-067.CAGCAGTATC,7
cele-003-067.ATCTGCCAAT,3
cele-003-072.AGACTCAAGC,7
cele-003-075.GCGACGCCTT,20
cele-003-075.CATTCTAGAA,1
cele-003-081.AACCTAGCTT,3
cele-003-092.GGCTGCCTTA,7
cele-004-001.TTATAAGAAC,0
cele-004-004.AATCGAACTC,19
cele-004-005.GAGGCGGAAT,19
cele-004-006.CGCCAATCAA,12
cele-004-008.ACTACTGAAG,0
cele-004-009.TTATTCTGAG,0
cele-004-012.CCTACGGCAA,2
cele-004-012.TTGCAGCATT,7
cele-004-012.TGGACTTGAC,5
cele-004-013.TTCCTAGACC,2
cele-004-014.GGAGCTGAGG,0
cele-004-014.TTCTCTGAGA,15
cele-004-016.TCTATAAGGA,9
cele-004-019.ATCTAAGCAA,2
cele-004-021.TATAACTTCC,12
cele-004-021.TGAGAACCAA,2
cele-004-023.CAACTTGGAT,20
cele-004-023.TTCATAATGG,2
cele-004-024.CCGCAGCCGC,2
cele-004-026.AACCTCAAGA,11
cele-004-028.ACTGGTAGAT,4
cele-004-032.TGGTATTCAT,7
cele-004-033.TCCTCTCCGT,10
cele-004-034.GGCTGCCTTA,2
cele-004-039.CTGCAATCGC,28
cele-004-040.CATGCATCTC,3
cele-004-041.AATTATCAGC,2
cele-004-043.CTTGCGGTCT,3
cele-004-045.TGATTCAACT,4
cele-004-048.ATATGAGCCA,7
cele-004-051.GGTAGGTCTC,4
cele-004-051.TTAGTACGCC,18
cele-004-053.AATCAGCTGC,3
cele-004-053.CAAGGCATTC,2
cele-004-053.CATGCATCTC,4
cele-004-058.ATGGAATTGG,0
cele-004-059.CTCGGTCAAT,0
cele-004-060.ACGATACCGG,10
cele-004-060.AACGCTATTA,3
cele-004-061.CTCGGTCAAT,22
cele-004-065.AACGTAATCT,7
cele-004-075.CAAGTACTGG,3
cele-004-078.CGACTACCAA,20
cele-005-001.TTGATATATT,2
cele-005-001.TCAGCTCTAA,19
cele-005-002.TTAATAGTTC,6
cele-005-003.AAGTTGCCAT,5
cele-005-004.CGAATCTCCT,12
cele-005-004.CCAGGTCTAC,28
cele-005-005.CTGCAATCGC,18
cele-005-005.TCTAGAACTA,11
cele-005-005.GACCTGGAAT,32
cele-005-006.CCGCTGCTTC,22
cele-005-006.CATTCTAGAA,14
cele-005-006.ATAGTCGTAG,9
cele-005-007.TCGTCAACTT,1
cele-005-007.CTGGCTTCCT,18
cele-005-007.GAACTGCATC,8
cele-005-007.TACCAGAGTA,0
cele-005-008.GGTAAGCTCT,6
cele-005-008.TCTCTCATCC,22
cele-005-008.TGGAACTAGA,7
cele-005-008.CGAATAATTC,3
cele-005-008.ACGCTTCTCT,5
cele-005-008.TATAACTTCC,19
cele-005-008.TAAGATAGGT,2
cele-005-008.TGGCGTAGGT,3
cele-005-008.TGCGCCTGGT,9
cele-005-008.ACTCCGCCAA,8
cele-005-008.CGCAATATCA,6
cele-005-009.GCGACGCAGA,2
cele-005-009.GTCCAACTCA,25
cele-005-009.CATTATTACC,11
cele-005-009.CGTATTGAGA,0
cele-005-010.CAGAGTAGAC,2
cele-005-010.ATTGAGATTG,17
cele-005-010.ACGTTCAACC,10
cele-005-010.TTCATAATGG,4
cele-005-011.GAGGCTTATT,6
cele-005-011.ATGCAATATG,22
cele-005-011.TCAGCTCTAA,30
cele-005-011.GCTCATATGC,23
cele-005-011.TGGACTTGAC,0
cele-005-012.AATCATACGG,4
cele-005-012.GGCTCGAGAT,11
cele-005-012.CCTGAGAGCA,18
cele-005-013.CTTCGGCGCA,10
cele-005-013.TCTATCGGTA,2
cele-005-013.GACTAGTCTA,1
cele-005-013.AACCTCAAGA,7
cele-005-013.ATATGCCATC,8
cele-005-014.TATCCTCAAT,1
cele-005-015.CCAGGCCGCA,20
cele-005-015.AGCAAGTAGT,14
cele-005-015.AACTATTATA,1
cele-005-016.AACTACCGAC,22
cele-005-017.GGATGCAGCA,7
cele-005-017.ACTCGACGCC,1
cele-005-017.AGGAGATTGA,12
cele-005-017.CTTGCATAAT,0
cele-005-017.TGATACGAGT,1
cele-005-017.CTTGGTAATG,0
cele-005-017.AACGGAACGC,8
cele-005-018.ATGGCGGATC,11
cele-005-018.TTAACGCCGT,13
cele-005-018.GTTATGGATC,6
cele-005-018.GTTGACGGCC,26
cele-005-018.CCATCGGACC,33
cele-005-019.CGACTACCAA,18
cele-005-019.TGCCTAACTT,5
cele-005-019.CGATCATTAC,12
cele-005-019.ACCTCTATCT,2
cele-005-020.ATCCATCAGG,1
cele-005-020.TTGATGCTAT,23
cele-005-020.TTAGGATCTA,15
cele-005-021.TTGAATTATA,2
cele-005-021.TTCTACGCCA,0
cele-005-021.TGATTCAACT,4
cele-005-022.GCCAGGATCA,20
cele-005-022.TGCAGCCTAC,1
cele-005-022.GTCCAACTCA,21
cele-005-023.TCTGCGCGTT,9
cele-005-023.CGAATTCGTT,21
cele-005-023.GGACTCATTG,1
cele-005-023.CGATCATTAC,3
cele-005-023.TTGGAATCTC,15
cele-005-024.AGTCCGCGGA,0
cele-005-024.TGCAGCCTAC,9
cele-005-024.AGCGTCAATG,22
cele-005-024.GACCGTAGCA,6
cele-005-026.CGTCCGTCCT,15
cele-005-026.ACTCGACGCC,1
cele-005-026.CCAGGCCGCA,4
cele-005-026.GGATTGACTC,5
cele-005-026.CCTAAGCGGT,6
cele-005-026.CGGATAGGTA,9
cele-005-026.TGGAGAATTC,19
cele-005-027.ACGATAGACT,14
cele-005-028.ATCCATCAGG,14
cele-005-029.GACCTCCGCC,13
cele-005-029.GCTCTAACGA,0
cele-005-030.ACGCAACTCC,0
cele-005-030.CGGCGCTGGC,25
cele-005-031.GATGATCGTA,2
cele-005-031.CTACGACGAG,0
cele-005-031.AAGTAGACTA,13
cele-005-031.ATAAGCCGGA,12
cele-005-031.CAAGGCATTC,1
cele-005-032.GTTCTGAATT,19
cele-005-033.TACCTAATCA,27
cele-005-033.GGCTATGACT,23
cele-005-034.AATGGTCGAC,6
cele-005-035.CATTCTAGAA,9
cele-005-035.AATCGAACTC,11
cele-005-036.AATAATAATG,29
cele-005-036.CCGCGCAGGT,10
cele-005-037.TTATCGTATT,0
cele-005-038.GTCCAACTCA,16
cele-005-038.TACCAGAGTA,18
cele-005-039.CCGAATCCGA,10
cele-005-039.CGATCCTGGA,17
cele-005-039.GGATTCTATC,0
cele-005-039.AATTGCCTAC,33
cele-005-039.GTTGAACGCA,5
cele-005-039.ATGCAATATG,6
cele-005-039.CTGCTTCGAC,5
cele-005-039.CCGCAGCCGC,0
cele-005-040.ACTGAATTCC,16
cele-005-040.GTTGACGGCC,2
cele-005-040.CAGGCGCCAT,3
cele-005-041.AGCTAAGGTA,4
cele-005-041.GGCTGCCTTA,13
cele-005-041.CATCGCGCTC,4
cele-005-041.ATGCTCGCAA,1
cele-005-041.TCCTCTCCGT,1
cele-005-041.CGATCATTAC,2
cele-005-041.CAGGCGCCAT,7
cele-005-042.CATGACTCAA,22
cele-005-042.GGTCGCCGCT,9
cele-005-043.CCTATCATAA,30
cele-005-043.TTCTTATCGA,2
cele-005-043.TAACGAATTG,1
cele-005-044.ATCCATCAGG,9
cele-005-044.GGACTACTAC,16
cele-005-044.TCATCTCGAT,0
cele-005-045.TGGCGTAGGT,31
cele-005-046.GTTGAACGCA,0
cele-005-046.GCCTCAATAA,7
cele-005-046.TTAATTATTG,5
cele-005-046.GGCTCGAGAT,10
cele-005-046.CTTATCCTAC,6
cele-005-046.CCAAGCTGAA,2
cele-005-047.ATCGTATCAA,5
cele-005-047.ACTTAACTAG,15
cele-005-047.CCTACGGCAA,11
cele-005-047.CTTAGTTCAA,0
cele-005-047.CGGTCGTTAA,20
cele-005-047.ACGAGGACCT,4
cele-005-047.AATATTCGAA,7
cele-005-047.CTTCCAAGAA,0
cele-005-048.CATCCGACTA,2
cele-005-048.CGAATTCGTT,9
cele-005-049.CGGCAGAGGA,10
cele-005-049.GCGGAGTCGA,27
cele-005-049.GACCAATGCG,0
cele-005-049.TATGCCGAGT,13
cele-005-050.ATGAACGCGC,26
cele-005-051.CCTGCATCAA,5
cele-005-052.CATCGCGCTC,10
cele-005-052.GTTCTGAATT,0
cele-005-053.ACTCGACGCC,6
cele-005-053.TCTCTCATCC,7
cele-005-053.TGATAGAACG,16
cele-005-053.ACCAAGATCT,2
cele-005-053.AAGATCCAAC,10
cele-005-054.ACGGTCTTGC,0
cele-005-054.TACTTACTTA,8
cele-005-055.CAGAGTAGAC,8
cele-005-055.CTCGTCTAGG,1
cele-005-055.CGCCGCCTCC,23
cele-005-055.TTCGATAACC,13
cele-005-055.TAACGAATTG,9
cele-005-055.TCTAGTCAAG,19
cele-005-056.TAGCCAGCAA,0
cele-005-057.ACTCTCTCAA,5
cele-005-057.AGTAAGCATA,32
cele-005-057.CCAGGCTCTT,13
cele-005-058.AATGCTAGTC,15
cele-005-058.AACTGATCTT,0
cele-005-058.CTCCGGTTCT,25
cele-005-058.ACGATAGACT,16
cele-005-058.GGATCTGCAG,27
cele-005-059.ACGATAGACT,15
cele-005-060.GAAGGTTGCC,4
cele-005-060.TTGGACGCTG,32
cele-005-060.GTCGCTCAGT,4
cele-005-060.CTCCAAGGAT,15
cele-005-061.GGTAAGCTCT,0
cele-005-061.CTTGCATAAT,8
cele-005-061.AGATCCTATA,14
cele-005-061.CTCGATGGAG,1
cele-005-062.CAACTTGGAT,0
cele-005-062.CCGTTCGGAT,0
cele-005-062.CGTATTGAGA,5
cele-005-063.ATAATGCATT,1
cele-005-063.TCCGGTAATC,28
cele-005-064.AAGAAGTTCA,6
cele-005-064.CCGCTAGCTG,14
cele-005-064.TCCGCCTACT,17
cele-005-064.GAAGTCCGTC,4
cele-005-065.CAACTTGGAT,24
cele-005-065.TATTCCGTTA,3
cele-005-065.ACTGCCGATA,18
cele-005-066.ATGCCGGACG,1
cele-005-066.TGAGAACCAA,0
cele-005-067.ATGCTCGCAA,25
cele-005-068.CGTCTATGAA,1
cele-005-068.TCGCAATTAG,9
cele-005-068.TGCATATAAC,9
cele-005-068.TTATAAGAAC,8
cele-005-069.AAGACGGCCA,11
cele-005-069.TTACGTATAC,1
cele-005-069.ACGGCAACCA,5
cele-005-069.AATACGCAGG,0
cele-005-069.CGACTTGGCG,1
cele-005-069.TGGCCGCAAT,11
cele-005-069.CAAGGCATTC,10
cele-005-069.GGACGGAGCC,15
cele-005-070.TTCAAGAATC,15
cele-005-070.GGCTGCCTTA,17
cele-005-070.GTATACCGAA,1
cele-005-070.TAGGCAGATA,8
cele-005-071.TTACGTATAC,5
cele-005-071.TCCGGTAATC,20
cele-005-071.TAGTCGTCCA,0
cele-005-071.CCGCGGACCG,13
cele-005-071.TGCGCCATCT,8
cele-005-072.CCGTTGACTT,0
cele-005-072.TTGATGCTAT,27
cele-005-072.TTAGGATCTA,0
cele-005-073.GACGAAGCGT,26
cele-005-073.TATTCCGTTA,5
cele-005-073.CCTATAAGCT,0
cele-005-073.TGCCTATTAT,0
cele-005-074.CCTGACGTTC,30
cele-005-076.TTCGCTGCCT,4
cele-005-077.AAGTAGTCAG,3
cele-005-077.TATTCCGTTA,28
cele-005-077.AGGAGATTGA,8
cele-005-077.TCAGACGAAC,22
cele-005-077.CGGCGAGACC,20
cele-005-078.CGTAATGCAG,13
cele-005-078.TCATACCGCT,19
cele-005-079.ATGAACGCGC,33
cele-005-079.AAGTAGTCAG,17
cele-005-079.GTTACGCAAG,12
cele-005-079.CTCTTAGCGG,0
cele-005-080.ACGGAGAATA,11
cele-005-080.GAGGTCGGTT,11
cele-005-080.TTGAATTATA,0
cele-005-080.TTAATAGTTC,0
cele-005-081.ATGGCGGATC,31
cele-005-081.GTTATGGATC,0
cele-005-081.CTGAACTGGT,4
cele-005-081.CGCCTCGAAC,21
cele-005-081.ATCGAGTCGC,3
cele-005-082.AATCCGGTCA,5
cele-005-082.AATACGCAGG,0
cele-005-083.TTGGAGCTCA,3
cele-005-084.ATATGAGCCA,3
cele-005-084.CCATTCGTAA,3
cele-005-084.GCCAGGATCA,10
cele-005-085.AGTAAGCATA,28
cele-005-085.CTCGTCTAGG,2
cele-005-085.TGGTATTCAT,33
cele-005-085.TTCGATAACC,3
cele-005-085.CCGATCAGCC,6
cele-005-085.GCTAACCTCA,16
cele-005-086.TTCAAGAATC,16
cele-005-086.GCTCCATTCG,17
cele-005-086.CTTCTCATTG,28
cele-005-086.CCTACGGCAA,25
cele-005-086.ACGAGGACCT,0
cele-005-086.TGATTCCTCA,4
cele-005-086.TACGGCTACG,9
cele-005-086.CCTTAGTCTG,0
cele-005-087.GATGATCGTA,16
cele-005-087.CCAGGCCGCA,0
cele-005-087.TCGATATTGA,3
cele-005-087.TACGGCTACG,30
cele-005-087.AACGCCTCTA,4
cele-005-088.ATGCTCGCAA,0
cele-005-088.TCAGCTCTAA,1
cele-005-088.AGGCCGGTAA,1
cele-005-088.TTCATAATGG,10
cele-005-089.TTCCTAGACC,4
cele-005-089.AACTACGGCT,16
cele-005-089.TGCAGCCTAC,24
cele-005-089.ACGCGCTCCT,29
cele-005-089.GGCTTGCCAA,2
cele-005-090.GCTCTCGCCT,4
cele-005-090.CCGTATCTGG,13
cele-005-091.CGCATCCATC,6
cele-005-091.GAGGCTTATT,30
cele-005-091.AAGTAATATT,1
cele-005-091.TTGATGCTAT,4
cele-005-091.GCCAGGATCA,0
cele-005-091.TTGATATATT,15
cele-005-091.AATACTTGCG,27
cele-005-091.TCATCTCGAT,13
cele-005-092.GTATCATCGA,6
cele-005-092.GGCGGTTGAC,0
cele-005-092.TCCAGCAATA,1
cele-005-092.TTGGATCCTT,3
cele-005-092.CAGGCGCCAT,1
cele-005-092.TGCGCGATGC,18
cele-006-001.CCGAATCCGA,32
cele-006-001.GGCTGCCTTA,11
cele-006-001.TTATAAGAAC,2
cele-006-002.CTGAACTGGT,6
cele-006-002.CCTATAAGCT,6
cele-006-002.TGGACTTGAC,20
cele-006-003.ATCATGGCTG,25
cele-006-003.CGCGTACGAC,18
cele-006-003.ATTCAGGTAC,17
cele-006-004.AAGTCGCGCG,2
cele-006-004.CCGCGATTAT,11
cele-006-004.TGGTATTCAT,18
cele-006-004.GTACTAGTAA,5
cele-006-005.GTCCAACTCA,33
cele-006-006.ATCAACGATT,20
cele-006-006.TGATTCAACT,1
cele-006-007.CTGAAGAGAC,12
cele-006-007.CCGCTAGCTG,17
cele-006-008.TCTCTCATCC,3
cele-006-008.ACCGTTACGA,0
cele-006-008.CAAGCTTCAT,5
cele-006-008.TCTACCATTA,11
cele-006-008.CTGCTTCGAC,12
cele-006-009.ACCAAGATCT,26
cele-006-012.CGTCTATGAA,29
cele-006-012.TGCAGCCTAC,29
cele-006-012.CTAACTCCAA,6
cele-006-012.TCATCTCGAT,8
cele-006-013.TTACGTATAC,3
cele-006-013.TGAGGTAGAA,5
cele-006-013.CCATCGGACC,19
cele-006-013.CAAGGCATTC,3
cele-006-013.CCGCGCAGGT,6
cele-006-015.GCTCCATTCG,6
cele-006-015.TTCGATAACC,1
cele-006-015.CTTGCAGTAG,12
cele-006-015.CTCGATGGAG,1
cele-006-016.CGGAGATCCG,23
cele-006-017.CGTCCGTCCT,22
cele-006-017.CGTATTGAGA,13
cele-006-018.TCCTTACCAA,24
cele-006-018.ATAACCGTTC,0
cele-006-018.GTATTAAGTT,0
cele-006-019.CGACTACCAA,14
cele-006-019.CAAGCAACTG,27
cele-006-019.CGAATCTCCT,2
cele-006-020.TCGGCGTCGT,4
cele-006-020.TTCCTAGACC,4
cele-006-020.CATGAGAACT,1
cele-006-020.CAACCGGATC,1
cele-006-020.GACCTCCGCC,14
cele-006-020.TCTGACGAGG,20
cele-006-020.CTTCCAAGAA,9
cele-006-021.AGGTCAATTA,6
cele-006-022.GTTGAAGGAT,2
cele-006-022.CGAGCTGCCA,3
cele-006-023.TCTAGTCAAG,4
cele-006-024.ATCCATCAGG,2
cele-006-024.ATAGGATATG,17
cele-006-024.TCGATATTGA,0
cele-006-024.ATTAACTTAA,8
cele-006-025.AATCATACGG,8
cele-006-025.TGGCCGGCCT,18
cele-006-026.CGTCCGTCCT,19
cele-006-026.CGGCTTACTA,4
cele-006-026.TGACGCTCCG,0
cele-006-026.CCGGAGTTGC,5
cele-006-026.TTCCATGGCA,9
cele-006-026.ACCAGTATAA,8
cele-006-026.CTGATTAAGA,3
cele-006-026.GATATGGTCT,14
cele-006-026.AACGCCTCTA,4
cele-006-027.AATACCAGTT,22
cele-006-028.ACTCTACTGG,0
cele-006-029.ACGCAACTCC,15
cele-006-029.GAATGAGGAG,26
cele-006-029.TCGTAGAGAA,17
cele-006-029.ATGGAAGCAT,20
cele-006-031.AGCTGCAATA,0
cele-006-032.AATAATAATG,0
cele-006-032.GGTCGCTATG,28
cele-006-032.AGTTGCATCT,19
cele-006-033.CTTAGTTCAA,12
cele-006-033.TCGTCAACTT,13
cele-006-033.TGGTCCAGTC,15
cele-006-034.ACCAGCGCAG,3
cele-006-034.ATCCTACCTC,0
cele-006-034.AATCATACGG,6
cele-006-034.ATGCAATATG,24
cele-006-034.AATTATCAGC,8
cele-006-034.CTCGGTCAAT,5
cele-006-035.CTCGTCTAGG,1
cele-006-035.TAAGATAGGT,0
cele-006-035.AGCTAAGAAT,21
cele-006-036.AGGTCAATTA,9
cele-006-036.AACTACCGAC,12
cele-006-036.GGAGTAAGCC,11
cele-006-036.CCTGAGAGCA,1
cele-006-036.ACTTCCGAAT,4
cele-006-037.GATATGGTCT,22
cele-006-037.AGGTCTATGG,18
cele-006-038.GAGGCGGAAT,1
cele-006-038.AATACGCAGG,0
cele-006-038.CGCCTCGAAC,1
cele-006-038.TATTCGATCT,1
cele-006-038.GGCCTCCATT,16
cele-006-038.AATAATACCA,13
cele-006-039.CATGACTCAA,20
cele-006-039.CTGGTTGGTT,1
cele-006-039.TTCGCTTACG,10
cele-006-039.CTGATACGTC,3
cele-006-039.TATCCTCAAT,0
cele-006-039.AATATTCGAA,25
cele-006-039.TCCGCCTACT,3
cele-006-039.GACCTGGAAT,6
cele-006-041.CGAATTCGTT,27
cele-006-041.GGTCGCCGCT,14
cele-006-041.ACCTCTATCT,5
cele-006-041.TACGGCTACG,15
cele-006-041.GACCTCTCTG,1
cele-006-042.ACCTAGTTAG,18
cele-006-042.AGCCGGTACC,9
cele-006-042.ATAATCTCGC,2
cele-006-042.ATCTGCCAAT,21
cele-006-043.ATGCAATATG,18
cele-006-043.ACTATCCGCA,5
cele-006-043.GGCTGGCTAG,1
cele-006-043.CGGCGCTGGC,19
cele-006-044.CTGCAATCGC,31
cele-006-044.TCGGTAAGGC,1
cele-006-044.ACGACCAATA,1
cele-006-044.GGCTCCTCGT,0
cele-006-044.CGATTGGTTA,14
cele-006-044.TTATAAGAAC,23
cele-006-045.AAGCATCCTA,26
cele-006-045.ATATGAGCCA,9
cele-006-045.GCCTGATATA,21
cele-006-045.GGACTCATTG,6
cele-006-047.AGGTAATTCC,8
cele-006-047.TCGATATTGA,5
cele-006-047.CGATCATTAC,17
cele-006-048.ATTGAGATTG,0
cele-006-048.CTTAGTTCAA,1
cele-006-048.AGGATTACCA,5
cele-006-048.TGGCTGATGA,0
cele-006-048.GGACTCATTG,1
cele-006-049.CCGAATCCGA,32
cele-006-049.GTAGATCGTT,22
cele-006-049.ACTAATTGAG,0
cele-006-049.TTCTCTACTA,1
cele-006-049.ACCATAGCGC,2
cele-006-050.ATTGCGCTGA,6
cele-006-050.TCTACCATTA,1
cele-006-050.ACTCTACTGG,1
cele-006-050.TAGTACTATC,4
cele-006-050.TGAACGGTAA,0
cele-006-050.ATCCGTTAGC,21
cele-006-050.CGAGTTAGAG,7
cele-006-051.CCGAATCCGA,5
cele-006-051.CATACGATGC,8
cele-006-052.CCAGGCTCTT,13
cele-006-052.TTAGAGCAAC,33
cele-006-052.TGAACGGTAA,1
cele-006-052.TTGATATGAA,29
cele-006-053.AGCCGGTACC,27
cele-006-053.GATTCCGGAA,3
cele-006-053.CGAAGGACGA,1
cele-006-054.TCGCAATTAG,4
cele-006-054.ATTCAGGTAC,30
cele-006-055.ACGATACCGG,16
cele-006-055.ACGATAGACT,13
cele-006-056.CCTATCATAA,11
cele-006-056.GGTCGCTATG,3
cele-006-057.TCCTTACCAA,25
cele-006-057.TAGTACTATC,8
cele-006-057.CAGCAGTATC,30
cele-006-058.AGGTAATTCC,4
cele-006-058.AGGATTACCA,0
cele-006-059.TGACGCTCCG,13
cele-006-059.CCGAATCCGA,20
cele-006-059.TCCTCGAGTC,1
cele-006-060.CCTTACTCCT,28
cele-006-060.TGGTCCAGTC,9
cele-006-061.CGCATCCATC,0
cele-006-061.TCTGCGCGTT,0
cele-006-061.AGCGGTAACG,9
cele-006-061.GATTCCGGAA,15
cele-006-061.TGGCTGATGA,1
cele-006-061.TCTACCATTA,1
cele-006-061.GCTCTAACGA,13
cele-006-061.TGCGCCATCT,18
cele-006-062.TTATTAGTAG,0
cele-006-063.TGACGCTCCG,1
cele-006-063.AATGAATAGT,1
cele-006-063.TTCCTAGACC,3
cele-006-063.CTGGCTTCCT,0
cele-006-063.CTCGGTCAAT,16
cele-006-064.TTCTACGCCA,0
cele-006-065.CGTCCGTCCT,14
cele-006-065.ACTGAATTCC,2
cele-006-065.TCTCTCATCC,1
cele-006-065.AGATATATCG,0
cele-006-065.GATATCGGCG,5
cele-006-065.ATATGCCATC,10
cele-006-065.AGACCATTCA,0
cele-006-065.GATTGCAGAC,0
cele-006-065.CATAGTTCGG,23
cele-006-066.TTGAGTATCA,6
cele-006-066.TTCCTAGACC,18
cele-006-066.TTAGAGCAAC,20
cele-006-066.TGAGAACCAA,10
cele-006-066.CCATCGGACC,0
cele-006-067.GCCAACGCCA,0
cele-006-067.GATATCGGCG,5
cele-006-067.CAGCTATCGT,13
cele-006-068.TATCGTCGGC,8
cele-006-068.TGCGCCATCT,1
cele-006-069.CATCCGACTA,9
cele-006-069.GGCTAATTAA,14
cele-006-069.TGGCCGCAAT,8
cele-006-069.ACGACCAATA,23
cele-006-069.GCTCTAACGA,0
cele-006-069.CTCCAAGGAT,12
cele-006-070.AATAATAATG,0
cele-006-071.ATCGTATCAA,5
cele-006-071.TTCCTAGACC,16
cele-006-071.CTTGCATAAT,28
cele-006-071.CCATTCGTAA,20
cele-006-071.CTTAGTTCAA,26
cele-006-071.AAGCTGACCT,31
cele-006-071.ATTCTCCTCT,4
cele-006-072.CTGGTTGGTT,29
cele-006-072.TGCATATAAC,0
cele-006-072.GTCTCCAGAG,5
cele-006-073.AAGAAGTTCA,1
cele-006-073.GGCTGCCTTA,1
cele-006-073.TGGTATTCAT,0
cele-006-073.TCGATATTGA,10
cele-006-073.TATCCTCAAT,23
cele-006-073.GTTCTGAATT,8
cele-006-073.CAGATTCGAT,0
cele-006-073.TGGAGAATTC,0
cele-006-074.AGCTAAGGTA,21
cele-006-074.ACTAATTGAG,1
cele-006-074.CTTCAGCTTC,26
cele-006-074.GGACTCATTG,12
cele-006-074.TGCAAGGCGT,6
cele-006-074.AACGCCTCTA,4
cele-006-075.TTAGCAATAA,14
cele-006-075.TTGGAGCTCA,6
cele-006-076.GCTCCATTCG,8
cele-006-076.CTTCATTAGA,7
cele-006-077.ATCATGGCTG,28
cele-006-077.GGACTCATTG,10
cele-006-077.CAAGGCATTC,21
cele-006-077.TGATTCCTCA,0
cele-006-077.CTACGGTAGC,7
cele-006-078.ATCAACGATT,16
cele-006-078.GAGGCGGAAT,1
cele-006-078.CCATTCGTAA,18
cele-006-078.TCGTAGAGAA,26
cele-006-079.ATAATCTCGC,1
cele-006-079.TAAGATAGGT,24
cele-006-080.AATCTGGAGT,5
cele-006-080.TCAGGACTTA,17
cele-006-080.TGCGCCATCT,6
cele-006-080.GGCAATGAGA,0
cele-006-081.CCAGTCCTCT,3
cele-006-081.TTCTACGCCA,23
cele-006-081.TATCCTCAAT,31
cele-006-081.CGGCGCTGGC,2
cele-006-081.CCAGGTCTAC,0
cele-006-082.GCTCTCGCCT,1
cele-006-082.CAACCAGTAC,17
cele-006-082.TGATGCATCG,1
cele-006-082.CGGAGATCCG,7
cele-006-082.TGCGAAGATC,20
cele-006-083.ATTGAGATTG,2
cele-006-083.CTCTGCGGCA,17
cele-006-083.AATTATCAGC,3
cele-006-083.TTGGAGTCGG,5
cele-006-084.TCTACCATTA,4
cele-006-085.ACCAGCCTTA,15
cele-006-085.AACCTCAAGA,16
cele-006-085.TGGTATTCAT,7
cele-006-085.AGCTAAGAAT,6
cele-006-086.CCGCTGCTTC,16
cele-006-086.CGCATCCATC,22
cele-006-086.GCCTGATATA,14
cele-006-086.CCGCTATATT,3
cele-006-086.TGCAAGGCGT,10
cele-006-086.AATAATACCA,1
cele-006-086.AACTTATAAG,17
cele-006-088.CCGCGCTATA,21
cele-006-088.TGATTCAACT,10
cele-006-088.TTATTATGGT,11
cele-006-089.GATAAGGCAA,9
cele-006-090.CCGAATCCGA,24
cele-006-090.ATATGCCATC,7
cele-006-090.ACTATCCGCA,27
cele-006-091.TCATCTAATC,5
cele-006-092.TGACCGAATC,26
cele-006-092.AATCGAACTC,8
cele-006-092.CCGCAGCCGC,5
cele-007-001.AACCTCAAGA,7
cele-007-001.GGCTCCTCGT,27
cele-007-002.ATCGTATCAA,32
cele-007-002.ACGATAAGCG,28
cele-007-002.GCAGGCGACG,10
cele-007-002.TATTCCGTTA,4
cele-007-002.CATCGCGCTC,0
cele-007-002.TAACGAATTG,1
cele-007-002.CCTAGCGCCT,11
cele-007-002.CCGCGGACCG,17
cele-007-002.CTCTTCAAGC,6
cele-007-002.TCTCCTATAA,10
cele-007-003.TCTATAAGGA,5
cele-007-003.TTCTATAGAG,27
cele-007-003.AGGCCGCTCG,4
cele-007-003.TATAACTTCC,1
cele-007-003.CTACGACGAG,0
cele-007-003.CTTCATTAGA,0
cele-007-003.AAGCTGACCT,0
cele-007-003.AACGGACCAA,0
cele-007-003.CGATCATTAC,10
cele-007-003.CGAGCTGCCA,4
cele-007-004.TCTGCGCGTT,8
cele-007-004.AGCGGTAACG,6
cele-007-004.ACGAAGAAGC,6
cele-007-004.TTCGCTGCCT,10
cele-007-004.CTCTGATCAG,6
cele-007-004.ACCTCTATCT,0
cele-007-004.GACGACCTGC,4
cele-007-004.ACGATACCGG,0
cele-007-006.CCGAATCCGA,17
cele-007-006.CAACCTATAT,4
cele-007-007.ACCAGCCTTA,1
cele-007-007.AGCGGTAACG,4
cele-007-007.ACGCTTCTCT,6
cele-007-007.CGCGTACGAC,5
cele-007-007.GGTCCAGGAG,3
cele-007-008.AGGTAATTCC,11
cele-007-008.CCTACGGCAA,0
cele-007-008.GGCTGCCTTA,7
cele-007-008.CTGATTAAGA,16
cele-007-008.CCTAGCGCCT,31
cele-007-008.AACTTATAAG,0
cele-007-009.GTTCCGACGA,0
cele-007-009.CTCTTCAAGC,0
cele-007-009.TATGCCGAGT,1
cele-007-011.CGGATGAAGG,11
cele-007-011.GCAACTGGCA,18
cele-007-011.CCTATAAGCT,10
cele-007-011.CATAGTTCGG,18
cele-007-011.GCTCATATGC,11
cele-007-012.TTAACGTACC,9
cele-007-016.AGCGATCCGC,4
cele-007-016.TGATAGAACG,10
cele-007-016.CAACCTATAT,9
cele-007-017.CCGTTGACTT,10
cele-007-017.GGTCGCCGCT,2
cele-007-018.GATATGGTCT,3
cele-007-019.TCCTTACCAA,8
cele-007-020.AAGACGGCCA,2
cele-007-020.AGCGGTAACG,6
cele-007-021.CTGCTTCGAC,7
cele-007-021.TCTGACGAGG,28
cele-007-023.TCTATCGGTA,1
cele-007-023.TCTACCATTA,25
cele-007-024.TCGTAGAGAA,2
cele-007-024.GACCTCTCTG,8
cele-007-024.AACGCTATTA,0
cele-007-026.GGAACGATGG,0
cele-007-026.CCGGAGTTGC,4
cele-007-026.AACCTCAAGA,0
cele-007-026.GGCTGCCTTA,3
cele-007-026.CGGAGATCCG,1
cele-007-026.ACTATCCGCA,0
cele-007-026.GGATCTGCAG,17
cele-007-027.CTGGTTGGTT,7
cele-007-027.GGCTTGCCAA,1
cele-007-028.GACTAGTCTA,17
cele-007-028.TGCGCCATCT,12
cele-007-029.ACGCAACTCC,0
cele-007-029.AATGCCAAGA,7
cele-007-030.GGTCGCCGCT,15
cele-007-031.CTGCAATCGC,3
cele-007-031.TCATCTCGAT,11
cele-007-032.TTCATAATGG,13
cele-007-033.AGCTTACGAA,25
cele-007-034.ACTCGACGCC,9
cele-007-034.GCGACGCCTT,17
cele-007-034.GATATCGGCG,3
cele-007-034.ACCTGGACGC,18
cele-007-034.GTATTAAGTT,10
cele-007-035.TCGCGTACTT,8
cele-007-035.TCCGCCTACT,0
cele-007-035.GTCGACGGAA,22
cele-007-036.AGGTCAATTA,16
cele-007-036.GCAACTGGCA,12
cele-007-036.ACGCAACTCC,14
cele-007-036.AGCGGTAACG,0
cele-007-036.CCATTCGTAA,2
cele-007-036.CCTTACTCCT,10
cele-007-036.TAGTCGTCCA,13
cele-007-036.CGGTAGGAAT,21
cele-007-036.CCGCTATATT,18
cele-007-038.ACTCGACGCC,7
cele-007-038.CCGGAGTTGC,0
cele-007-038.CTGCAATCGC,0
cele-007-038.AACTGCTGCC,29
cele-007-038.ACGGTCTTGC,23
cele-007-038.TGATACGAGT,1
cele-007-038.TCGAGGAGTA,10
cele-007-038.CTACGGTAGC,16
cele-007-039.ACTATCTTGA,8
cele-007-039.TGATAGAACG,13
cele-007-039.ACTACTGAAG,7
cele-007-039.TTGGTCATAA,9
cele-007-039.CGTATTGAGA,0
cele-007-040.GAGCGAATAT,0
cele-007-040.CATTATTACC,9
cele-007-041.AGGTCAATTA,24
cele-007-041.ACTTCCGAAT,1
cele-007-042.AATCATACGG,0
cele-007-042.TTAATTATTG,22
cele-007-042.AGTTGCATCT,0
cele-007-042.TGCGCGATGC,2
cele-007-042.CGAGTTAGAG,2
cele-007-042.CGGCGCTGGC,21
cele-007-042.GTCGACGGAA,7
cele-007-043.GTCATTGCGC,0
cele-007-043.AGTCGAGTTC,0
cele-007-043.CGGATAGGTA,5
cele-007-043.CCGATCAGCC,6
cele-007-044.ACTCGACGCC,22
cele-007-044.ATCTAGGTTC,8
cele-007-044.ACTGGTAGAT,13
cele-007-044.TTCGTTCCAT,14
cele-007-044.ACCATAGCGC,9
cele-007-044.CAGGCTAAGA,8
cele-007-044.GACGACCTGC,6
cele-007-045.TCGCAATTAG,8
cele-007-045.AACTTATAAG,0
cele-007-046.ACTAATTGAG,2
cele-007-046.CGGTCGTTAA,0
cele-007-047.TCCGGTAATC,11
cele-007-047.CTTGCAGTAG,15
cele-007-047.TTCATAATGG,1
cele-007-048.GCGGTTATTG,5
cele-007-048.TTCGTTCCAT,4
cele-007-048.CATAACCAGC,2
cele-007-049.TCCTCGAGTC,3
cele-007-049.TATCCTCAAT,1
cele-007-050.AGGATTACCA,19
cele-007-050.GATAAGGCAA,0
cele-007-051.GAGGCTTATT,3
cele-007-051.AATCAGCTGC,0
cele-007-051.AATACGCAGG,4
cele-007-052.CAGCGCATCC,19
cele-007-052.AGGAGATTGA,9
cele-007-052.CCGTATCTGG,16
cele-007-052.TGGAGAATTC,8
cele-007-053.TTAACGTACC,4
cele-007-054.CCTTACTCCT,17
cele-007-054.TGGCCGGCCT,6
cele-007-055.CGAATAATTC,10
cele-007-055.AGATCCTATA,26
cele-007-057.ACTACTGAAG,0
cele-007-058.CAGATTCGAT,20
cele-007-059.CAACTTGGAT,6
cele-007-059.AATAATACCA,3
cele-007-059.ATCTGCCAAT,4
cele-007-060.GTTACGCAAG,16
cele-007-060.TATATGAAGT,4
cele-007-060.CTGCTTCGAC,0
cele-007-060.TTAGCAATAA,21
cele-007-060.TGCGCGATGC,5
cele-007-060.GCCGGTCGAG,6
cele-007-060.AACGCTATTA,7
cele-007-060.TTGGAGCTCA,0
cele-007-061.AAGCATCCTA,12
cele-007-062.GCTCCATTCG,0
cele-007-062.ACGACCAATA,12
cele-007-062.GGCTATGACT,0
cele-007-063.CTGCAATCGC,0
cele-007-063.AGCAAGTAGT,2
cele-007-063.ACTTCCGAAT,0
cele-007-064.TTATCGTATT,0
cele-007-064.GTATCATCGA,12
cele-007-065.CCGCAAGTTC,0
cele-007-065.CCTATAAGCT,26
cele-007-065.TTAGCAATAA,1
cele-007-066.GATGATCGTA,17
cele-007-066.TTATTAGTAG,16
cele-007-067.TTCTCTACTA,0
cele-007-067.CATGCATCTC,21
cele-007-068.TTCCATGGCA,7
cele-007-068.GATTGCAGAC,25
cele-007-069.ATATGAGCCA,32
cele-007-069.TCGCAATTAG,31
cele-007-069.CAGGCTAAGA,0
cele-007-069.GATATGGTCT,19
cele-007-069.ACCTCTATCT,10
cele-007-069.TCTAGTCAAG,4
cele-007-070.GTTGAACGCA,8
cele-007-070.CGACTTGGCG,26
cele-007-070.TTCGTTCCAT,14
cele-007-070.ACCTCTATCT,9
cele-007-070.AGCTGCAATA,0
cele-007-071.ATCCATCAGG,3
cele-007-071.ATCGTATCAA,29
cele-007-071.CCAGTCCTCT,0
cele-007-071.GCGACGCAGA,15
cele-007-071.ACGCGTATCG,6
cele-007-072.CTGATCGACC,0
cele-007-072.GTTGACGGCC,28
cele-007-073.GCGACGCCTT,6
cele-007-073.TCTATAAGGA,22
cele-007-073.ATTGAGATTG,9
cele-007-073.GTTCCGACGA,0
cele-007-073.ACCTGGACGC,4
cele-007-073.AACCTCAAGA,24
cele-007-073.AATACGCAGG,15
cele-007-073.GCCAGGATCA,9
cele-007-073.GGACTCATTG,4
cele-007-073.CGATTGGTTA,7
cele-007-074.GTTCCGACGA,1
cele-007-074.CCGTCGGAGG,21
cele-007-074.CTCCGGTTCT,9
cele-007-074.TTGAATTATA,1
cele-007-074.GCCAGGATCA,27
cele-007-075.TCGGCGTCGT,24
cele-007-075.ACCGACCTCA,13
cele-007-075.GTACTAGTAA,19
cele-007-075.TATCCTCAAT,14
cele-007-075.TCTCCTATAA,31
cele-007-075.TGGTCTACGT,16
cele-007-076.TCAGGACTTA,3
cele-007-077.AATCTGGAGT,12
cele-007-077.CCATTCGTAA,24
cele-007-077.CATAACCAGC,33
cele-007-078.TTCTATAGAG,0
cele-007-078.AACCTCAAGA,0
cele-007-078.GGCTCCTCGT,9
cele-007-078.GACCTCTCTG,0
cele-007-078.GGACGGAGCC,18
cele-007-079.AGTCGAGAAG,24
cele-007-079.CTTCGGCGCA,1
cele-007-079.CGATCCTGGA,1
cele-007-079.CTATTAACCA,29
cele-007-079.GGATTGACTC,5
cele-007-079.CTTCATTAGA,21
cele-007-079.AGATCCTATA,23
cele-007-079.TGGACTTGAC,13
cele-007-080.AGGTCAATTA,30
cele-007-080.TCTATCGGTA,1
cele-007-080.CCAGGCTCTT,4
cele-007-080.CCGTATCTGG,0
cele-007-080.AGCAAGTAGT,0
cele-007-080.TTGCAGCATT,3
cele-007-080.CTTCATTAGA,9
cele-007-080.GTTCTGAATT,23
cele-007-081.TATTACTCAT,1
cele-007-081.TTCATAATGG,4
cele-007-081.ACCTCTATCT,11
cele-007-081.TCATACCGCT,0
cele-007-082.TGCCTAACTT,2
cele-007-082.GGAGCTGAGG,8
cele-007-082.CCAAGCTGAA,6
cele-007-083.CTGGATTAGT,5
cele-007-083.CGCATCCATC,4
cele-007-083.TGGAAGTACC,8
cele-007-083.TCTATCGGTA,0
cele-007-083.GCTCGAATCA,3
cele-007-083.TTCAAGACCA,23
cele-007-084.TAAGATAGGT,3
cele-007-085.CCGTCCAGTA,13
cele-007-085.TTATTAGTAG,11
cele-007-085.CTGGCTTCCT,11
cele-007-085.TGCGCGATGC,5
cele-007-085.CAGCTATCGT,15
cele-007-085.AGCTGCAATA,14
cele-007-086.CCTAGCGCCT,28
cele-007-086.ACCTCTATCT,8
cele-007-087.CCGTCGGAGG,29
cele-007-087.ACGTTCAACC,8
cele-007-087.CGCCTCGAAC,0
cele-007-087.ATCTGCCAAT,6
cele-007-088.CCGCGGCTCA,4
cele-007-088.ACTTCCGAAT,0
cele-007-088.CAAGTACTGG,13
cele-007-088.GTCCAACTCA,9
cele-007-088.AACGCCTCTA,2
cele-007-089.CATGACTCAA,7
cele-007-089.GGACTACTAC,12
cele-007-089.ACTATCTTGA,1
cele-007-089.ACCGCAGAAT,8
cele-007-089.GATCAGTCAT,26
cele-007-089.GGCTATGACT,10
cele-007-089.ATCCGTTAGC,13
cele-007-090.AAGTTACCTA,4
cele-007-090.TCTCCTATAA,19
cele-007-091.ACTCTCTCAA,3
cele-007-091.CTGCAATCGC,18
cele-007-091.TTGAATTATA,12
cele-007-091.AATATTCGAA,9
cele-007-091.TTGGTCATAA,0
cele-007-092.GCTCTCGCCT,28
cele-007-092.TGACCGAATC,23
cele-007-092.ATCTAAGCAA,1
cele-008-001.GACCTGGAAT,22
cele-008-002.TTGCAGCATT,2
cele-008-002.CCATAAGTCC,20
cele-008-002.GAACTGCATC,7
cele-008-002.ATGGAAGCAT,15
cele-008-002.TATCGTCGGC,1
cele-008-002.AGTTGCATCT,0
cele-008-002.ATCTGCCAAT,18
cele-008-003.TCGATATTGA,0
cele-008-003.ATCTGCCAAT,28
cele-008-004.AATACGCAGG,22
cele-008-004.ATGCTCGCAA,3
cele-008-006.AAGCATCCTA,13
cele-008-006.AGACTCAAGC,2
cele-008-006.GTTGACGGCC,27
cele-008-006.AACGAGGCTA,8
cele-008-007.CGAATAGATG,11
cele-008-007.ACCGACCTCA,16
cele-008-007.TCTATAAGGA,0
cele-008-007.CATACGATGC,0
cele-008-007.ACGATAGACT,12
cele-008-007.TCTAGTCAAG,4
cele-008-008.AACTGCTGCC,15
cele-008-008.CGACTTGGCG,18
cele-008-008.GACCAATGCG,30
cele-008-008.ACGATACCGG,25
cele-008-008.ATTAACTTAA,18
cele-008-008.GTATTAAGTT,1
cele-008-010.GGATTCTATC,17
cele-008-010.ACGCTTCTCT,5
cele-008-010.TTCTCTGAGA,15
cele-008-010.GACCTCCGCC,4
cele-008-011.AAGCCGGCTG,8
cele-008-011.GGTCGCTATG,28
cele-008-011.GGCAATGAGA,0
cele-008-012.GGAGCGGCCG,32
cele-008-012.TGCCGCCGAT,8
cele-008-012.ACGATAGACT,0
cele-008-013.CATGACTCAA,19
cele-008-013.TCTATCGGTA,8
cele-008-013.GTATCATCGA,13
cele-008-013.GTAGATCGTT,22
cele-008-013.GCAGCGGACT,7
cele-008-013.GGCTTCTGGA,21
cele-008-013.CCAGTCCTCT,2
cele-008-013.CATAGTTCGG,1
cele-008-014.TGATTCAACT,6
cele-008-015.AACTGATCTT,1
cele-008-015.CCATCGGACC,17
cele-008-015.GCTAACCTCA,1
cele-008-016.TTATCGTATT,3
cele-008-016.GGCTCCTCGT,14
cele-008-017.CCGGCGGCGA,12
cele-008-017.GACCAATGCG,4
cele-008-017.TGGTCCAGTC,0
cele-008-018.GTTACGCAAG,2
cele-008-018.GCAGCGGACT,1
cele-008-018.AATACCAGTT,13
cele-008-018.TGAACGGTAA,5
cele-008-018.GCTCATATGC,27
cele-008-019.AAGCTGACCT,23
cele-008-020.ACTTAACTAG,1
cele-008-020.TCGTAGGCTT,14
cele-008-020.TAACGAATTG,22
cele-008-021.AGATCCTATA,2
cele-008-022.GACCTCTCTG,1
cele-008-023.CGCCGCCTCC,10
cele-008-023.CGGCGAGACC,0
cele-008-024.CGATCCTGGA,0
cele-008-024.GCGGTTATTG,0
cele-008-024.TACTTACTTA,0
cele-008-024.CTTCAGCTTC,24
cele-008-024.ATTCTCCTCT,16
cele-008-024.GGCCTCCATT,31
cele-008-025.CGACTTGGCG,1
cele-008-025.ACTATCCGCA,25
cele-008-026.ATATGAGCCA,18
cele-008-026.AGCTAAGGTA,1
cele-008-026.GGCTCCTCGT,16
cele-008-027.CGAATGAGCT,1
cele-008-028.TCGTAGCATC,12
cele-008-028.AATTGAGAGA,0
cele-008-030.CATGACTCAA,13
cele-008-031.CCGCGATTAT,8
cele-008-031.CTGCAATCGC,30
cele-008-031.CAAGCAACTG,11
cele-008-032.GCGTCTATTC,29
cele-008-035.GAAGGTTGCC,0
cele-008-035.TACTTACTTA,0
cele-008-036.AATATTCGAA,5
cele-008-036.ATCTGCCAAT,14
cele-008-037.TAGTACTATC,19
cele-008-038.TCTATCGGTA,8
cele-008-038.ATCGTATCAA,12
cele-008-038.ACCTGGACGC,7
cele-008-038.TCATCTAATC,33
cele-008-038.GCTCATATGC,11
cele-008-039.GAGGCGGAAT,11
cele-008-041.TCATACCGCT,5
cele-008-042.ACTGGTAGAT,0
cele-008-043.GCGACGCCTT,0
cele-008-044.TTAGATTCCG,13
cele-008-044.ATCCGTTAGC,6
cele-008-045.CTGAAGAGAC,14
cele-008-045.TCCGGTAATC,0
cele-008-045.CCGCTAGCTG,21
cele-008-045.ACGATACCGG,30
cele-008-047.ATTCTCCTCT,2
cele-008-048.CAGGCGCCAT,19
cele-008-049.TTCGCTGCCT,2
cele-008-049.CTGGCTTCCT,30
cele-008-050.GTTACGCAAG,20
cele-008-051.GGCCAGTCCG,5
cele-008-051.CTGATCGACC,11
cele-008-052.CAGCGATAGA,5
cele-008-052.CGCGTACGAC,3
cele-008-052.CGGCGCTGGC,14
cele-008-052.AACTTATAAG,13
cele-008-053.TTAACGTACC,0
cele-008-053.CTGCAATCGC,5
cele-008-053.ATCCTACCTC,32
cele-008-053.AGTTGCATCT,0
cele-008-053.ACTGGATGCT,23
cele-008-054.CTGCAATCGC,3
cele-008-055.ATGGATCCGA,33
cele-008-055.ACTGGATGCT,12
cele-008-056.AGTCCGCGGA,18
cele-008-056.CATCCGACTA,4
cele-008-056.AACCTAGCTT,12
cele-008-056.CGAAGGACGA,0
cele-008-056.TCGATATTGA,3
cele-008-056.CTTCATTAGA,1
cele-008-056.AACGAGGCTA,14
cele-008-058.ATGCAATATG,31
cele-008-058.AGCTAAGAAT,26
cele-008-058.TCAGGACTTA,15
cele-008-059.CAGCGCATCC,16
cele-008-059.AGGTAATAGG,4
cele-008-060.AATTATCAGC,13
cele-008-060.TCTACCATTA,12
cele-008-060.TATCGTCGGC,4
cele-008-060.CTACGGTAGC,1
cele-008-061.GGATATAATA,6
cele-008-061.TTATAAGAAC,11
cele-008-062.ACGCCGTTCA,2
cele-008-064.TATTACTCAT,30
cele-008-064.AACCTAGCTT,6
cele-008-064.AGCTAAGAAT,21
cele-008-064.TTGCTGCGCC,7
cele-008-065.GGCATAGCTT,24
cele-008-065.CGCCAATCAA,25
cele-008-065.GCGACGCAGA,8
cele-008-065.ATGGAATTGG,5
cele-008-066.ATATGAGCCA,16
cele-008-069.CGCCAATCAA,24
cele-008-069.GGAGTAAGCC,9
cele-008-069.GTATTAAGTT,3
cele-008-070.CTATTAACCA,31
cele-008-070.AGGTCTATGG,33
cele-008-071.CTCCGGTTCT,16
cele-008-071.CTTGCATAAT,25
cele-008-071.CTGAACTGGT,14
cele-008-071.GCGGAGTCGA,12
cele-008-071.AATATTCGAA,33
cele-008-072.CGCCAGGCAT,24
cele-008-072.TTGGACGCTG,0
cele-008-072.ATCTAAGCAA,0
cele-008-072.TGGAGAATTC,25
cele-008-073.ACGATAAGCG,28
cele-008-073.CGGATAGGTA,16
cele-008-073.ACTCTACTGG,13
cele-008-074.TCCTCGAGTC,11
cele-008-074.CCAGGCTCTT,5
cele-008-074.AGGATTACCA,8
cele-008-074.GCTCATATGC,12
cele-008-075.TATATGAAGT,2
cele-008-075.GTATTAAGTT,2
cele-008-076.TCTCTCATCC,3
cele-008-077.AAGTCGCGCG,16
cele-008-077.CGGATAGGTA,16
cele-008-077.CAGATTCGAT,14
cele-008-078.GTATCATCGA,0
cele-008-078.TTGGACGCTG,10
cele-008-078.ATGCTCGCAA,21
cele-008-079.TTATTATGGT,0
cele-008-079.CAGCAGTATC,4
cele-008-080.GGTAGGTCTC,14
cele-008-080.GCGACGCCTT,0
cele-008-080.CGAATTCGTT,1
cele-008-080.ATCTCCTACG,1
cele-008-080.ACTATCCGCA,5
cele-008-081.CCGAATCCGA,24
cele-008-081.GATGCTACGA,6
cele-008-081.TATAACTTCC,0
cele-008-081.AGAGAACTTG,6
cele-008-082.CAACTTGGAT,0
cele-008-082.AATGAATAGT,8
cele-008-082.AGGATTACCA,5
cele-008-082.TCAGCTCTAA,5
cele-008-082.TTAGCAATAA,2
cele-008-083.TCTATCGGTA,9
cele-008-083.GGCTATGACT,20
cele-008-083.CCGCTAGCTG,2
cele-008-084.AGCTAAGAAT,6
cele-008-084.CGAAGGCATG,30
cele-008-084.ACGCGTATCG,32
cele-008-085.TGATACGAGT,6
cele-008-085.AATTATCAGC,12
cele-008-086.GTTCCGCTAA,10
cele-008-087.TCATCTCGAT,3
cele-008-088.AAGAAGTTCA,10
cele-008-088.GTTGAAGGAT,0
cele-008-088.GTCGCTCAGT,0
cele-008-089.CCGCGATTAT,0
cele-008-089.GGTCGCTATG,10
cele-008-090.AAGAAGTTCA,19
cele-008-090.CTACGACGAG,3
cele-008-090.ACGCGTATCG,3
cele-008-090.AGCTGCAATA,0
cele-008-091.CATGACTCAA,3
cele-008-091.CAAGCAACTG,31
cele-008-091.CGGCGCTGGC,6
cele-008-092.TTCAAGAATC,7
cele-008-092.CCGTCCAGTA,26
cele-008-092.CAAGTCGACC,1
cele-008-092.CGCGTACGAC,6
cele-008-092.CGCAATATCA,12
cele-009-001.AACCTCAAGA,3
cele-009-001.GTATTAAGTT,26
cele-009-002.AACGTAATCT,9
cele-009-002.GCAAGGAATA,30
cele-009-002.ACTAATTGAG,6
cele-009-002.TAGTACTATC,13
cele-009-003.AGTTCGAGTA,10
cele-009-003.TCCGCCTACT,4
cele-009-004.AAGTTACCTA,0
cele-009-004.CTGAACTGGT,30
cele-009-004.ACGATACCGG,22
cele-009-004.GACCTGGAAT,0
cele-009-005.TGATGGCCTT,1
cele-009-005.GCCGTCGCGT,31
cele-009-005.AGATATATCG,12
cele-009-005.AACTACCGAC,28
cele-009-006.GCCGGTCGAG,1
cele-009-007.TTAGATTCCG,2
cele-009-007.AGCAAGTAGT,1
cele-009-007.GGACGGAGCC,11
cele-009-008.ACGTTGAATG,22
cele-009-009.AATCATACGG,22
cele-009-009.TATTCGATCT,21
cele-009-009.ACCTCTATCT,10
cele-009-010.ATCTCCTACG,1
cele-009-010.TTATTAGTAG,10
cele-009-010.AATTATCAGC,0
cele-009-010.TTGCTGCGCC,6
cele-009-010.CGTATTGAGA,20
cele-009-011.CGTATTGAGA,27
cele-009-012.TCATCTAATC,1
cele-009-012.TGGTATTCAT,12
cele-009-012.TTGCTGCGCC,4
cele-009-012.CCTGAGAGCA,2
cele-009-013.CCATCGGACC,9
cele-009-014.ACCGTTACGA,1
cele-009-014.CAACCTATAT,27
cele-009-015.CAGCGCATCC,3
cele-009-015.ACTGGATGCT,13
cele-009-016.TGCCAGATGG,0
cele-009-017.ATCGTATCAA,16
cele-009-017.GTATCATCGA,6
cele-009-017.CCAGGCTCTT,14
cele-009-017.GGCTGCCTTA,2
cele-009-017.TTGCTGCGCC,15
cele-009-017.CAGGCTAAGA,14
cele-009-018.ATGGCGGATC,25
cele-009-018.AACCTCAAGA,14
cele-009-018.CCATCGGACC,31
cele-009-019.TATGGCCGCG,4
cele-009-019.CGAAGGACGA,12
cele-009-019.TGAGACTCTA,5
cele-009-020.TGGAAGTACC,8
cele-009-020.AGGATTACCA,1
cele-009-020.GGACGGAGCC,17
cele-009-021.CCAGGCCGCA,1
cele-009-021.ATGCTCGCAA,14
cele-009-021.AATATTCGAA,12
cele-009-021.TGCGAAGATC,7
cele-009-022.TATTCCGTTA,14
cele-009-022.AATGGTCGAC,24
cele-009-022.ACGATACCGG,25
cele-009-022.GATAAGGCAA,11
cele-009-022.AACTTATAAG,5
cele-009-023.ACTCTCTCAA,4
cele-009-023.CTTCGGCGCA,8
cele-009-023.GAGGCTTATT,0
cele-009-023.CGGAGATCCG,10
cele-009-024.TGAGTCCAGA,15
cele-009-024.ATATGAGCCA,2
cele-009-024.TATTACTCAT,4
cele-009-024.TTAATTATTG,5
cele-009-024.AAGCTGACCT,17
cele-009-024.AAGCCGGCTG,31
cele-009-024.CGAATGAGCT,10
cele-009-024.TGGAGAATTC,2
cele-009-024.ATTCAGGTAC,26
cele-009-025.AATACGCAGG,13
cele-009-026.GGATTCTATC,6
cele-009-026.GAATCGACGT,31
cele-009-026.AGGAGATTGA,1
cele-009-026.CTTCATTAGA,8
cele-009-027.TTCGATAACC,7
cele-009-027.TTCATAATGG,20
cele-009-028.AGCCGGTACC,23
cele-009-028.CCTACGGCAA,7
cele-009-028.AATCAGCTGC,12
cele-009-028.TCTAGAACTA,0
cele-009-028.GGTCCAGGAG,20
cele-009-029.TCCGGTAATC,0
cele-009-030.CTCGGTCAAT,7
cele-009-030.TGATTCAACT,0
cele-009-030.TGGTCCAGTC,3
cele-009-030.TGGTCTACGT,5
cele-009-031.CATCCGACTA,3
cele-009-031.GCTCATATGC,5
cele-009-032.TATAGTAAGC,21
cele-009-033.ACTGAATTCC,0
cele-009-033.TACGGCTACG,2
cele-009-034.CGGCAGAGGA,1
cele-009-034.CCGCAAGTTC,11
cele-009-034.GCGTCTATTC,12
cele-009-034.CGCGTACGAC,20
cele-009-034.GGCGAGCTTA,2
cele-009-034.CGAGCTGCCA,9
cele-009-035.GGTTGGCGAC,15
cele-009-035.TATATGAAGT,12
cele-009-035.ACGACCAATA,25
cele-009-035.AACGCTATTA,23
cele-009-037.ACGCAACTCC,2
cele-009-037.GATCAGTCAT,12
cele-009-037.CAGATTCGAT,0
cele-009-037.AATAATACCA,9
cele-009-038.CCGCGGCTCA,8
cele-009-038.GGAGCTGAGG,7
cele-009-038.TGAGACTCTA,26
cele-009-039.GTTCTGAATT,2
cele-009-039.CATGCATCTC,9
cele-009-040.CAGCTATCGT,11
cele-009-041.CGACTACCAA,6
cele-009-041.TTGGTCATAA,23
cele-009-042.ATGCCGGACG,7
cele-009-042.ACTAATTGAG,8
cele-009-042.TTATAAGAAC,11
cele-009-043.CTGATCGACC,28
cele-009-043.AATTATCAGC,14
cele-009-043.ACGATACCGG,6
cele-009-044.CATCCGACTA,6
cele-009-044.GCTAACCTCA,0
cele-009-045.AGGAGATTGA,2
cele-009-046.GGATTCTATC,17
cele-009-046.CCTTACTCCT,33
cele-009-046.CTCTTAGCGG,8
cele-009-047.AATCCGGTCA,9
cele-009-048.CATGAGAACT,7
cele-009-048.TTGGTAGGCG,4
cele-009-048.GACCTCCGCC,10
cele-009-049.AATATTCGAA,10
cele-009-050.TTAATAGTTC,20
cele-009-051.GCAACTGGCA,1
cele-009-052.GGCTTCTGGA,1
cele-009-052.AGAGAACTTG,9
cele-009-053.GGTAGGTCTC,6
cele-009-053.CGATCCTGGA,6
cele-009-053.CTCGTCTAGG,33
cele-009-053.TTGCTGCGCC,20
cele-009-053.CTCTTAGCGG,8
cele-009-054.ATGCAATATG,14
cele-009-054.CAACCGGATC,3
cele-009-054.ATACGCCGCC,8
cele-009-054.ACGTTCAACC,16
cele-009-054.CTGATACGTC,10
cele-009-054.TGGCCGGCCT,11
cele-009-055.CCGTCCAGTA,32
cele-009-055.GCGACGCCTT,10
cele-009-055.AGGAGATTGA,7
cele-009-055.GGAGTAAGCC,9
cele-009-055.ATCTAAGCAA,23
cele-009-055.GGCTCCTCGT,0
cele-009-057.GATAAGGCAA,6
cele-009-057.ATCTGCCAAT,7
cele-009-058.AAGCATCCTA,6
cele-009-059.TTATCGTATT,8
cele-009-059.AATTGCCTAC,8
cele-009-059.CCAGGCTCTT,19
cele-009-059.TTCGATAACC,0
cele-009-059.CCAGTCCTCT,20
cele-009-059.AAGTAGACTA,1
cele-009-059.ATAAGCCGGA,7
cele-009-059.TAGGCAGATA,7
cele-009-060.ACCGACCTCA,28
cele-009-060.CCGGAGTTGC,2
cele-009-060.TGCCTAACTT,1
cele-009-060.GTTGAAGGAT,3
cele-009-060.GGAGCGGCCG,3
cele-009-060.TGGCGTAGGT,8
cele-009-060.CTTCATTAGA,7
cele-009-060.CATGCATCTC,8
cele-009-061.AAGTTGCCAT,5
cele-009-061.TTCTCTACTA,0
cele-009-061.TTCATAATGG,1
cele-009-061.TGGAGAATTC,23
cele-009-062.CTTGCGGTCT,5
cele-009-062.GACCTGGAAT,0
cele-009-063.CCGTATCTGG,2
cele-009-063.TTCAAGACCA,7
cele-009-064.CGGCAGAGGA,3
cele-009-064.AAGACGGCCA,0
cele-009-064.CCGCGCTATA,26
cele-009-064.AATCGAACTC,4
cele-009-064.ACTACTGAAG,14
cele-009-064.AATGGTCGAC,21
cele-009-064.GGCCTCCATT,9
cele-009-065.TCTCTCATCC,0
cele-009-065.TTAATTATTG,4
cele-009-065.CAGGCTAAGA,17
cele-009-065.TGCGAAGATC,19
cele-009-066.CTATTAACCA,15
cele-009-066.ATAGTCGTAG,20
cele-009-066.CCATAAGTCC,5
cele-009-067.GGATTGACTC,0
cele-009-067.ACGTTGAATG,5
cele-009-067.ATGGATCCGA,29
cele-009-067.CTACGGTAGC,11
cele-009-067.TCATCTCGAT,15
cele-009-068.CGAATAATTC,24
cele-009-068.AGACTCAAGC,18
cele-009-068.TTAGAGCAAC,2
cele-009-069.ACCGACCTCA,20
cele-009-069.CTGATTAAGA,2
cele-009-069.TACGGCTACG,0
cele-009-069.TAGGCAGATA,14
cele-009-070.ACCAGCCTTA,17
cele-009-070.TTATTAGTAG,18
cele-009-071.AAGAAGTTCA,2
cele-009-071.TATAACTTCC,17
cele-009-072.GCAGACCGGT,13
cele-009-073.GCCTGATATA,5
cele-009-073.ACTAATTGAG,0
cele-009-073.CCAGTCCTCT,0
cele-009-073.ACGCGCTCCT,1
cele-009-073.CTCTTCAAGC,0
cele-009-073.AAGATCCAAC,1
cele-009-074.CGAATTCGTT,24
cele-009-074.GCCTCAGCAT,5
cele-009-074.ATCTCCTACG,10
cele-009-074.AGGAGATTGA,6
cele-009-074.TGGACTTGAC,4
cele-009-075.TTAGGATCTA,7
cele-009-075.GGACTCATTG,12
cele-009-075.TGCGCGATGC,21
cele-009-075.ATCCGTTAGC,2
cele-009-076.ACCAGCGCAG,11
cele-009-076.AGTCCGCGGA,7
cele-009-076.GGCAATGAGA,9
cele-009-076.GCGCTCGACG,13
cele-009-077.AAGCATCCTA,21
cele-009-077.TGGTCTACGT,12
cele-009-078.TTAGGATCTA,12
cele-009-079.ACGCCGTTCA,4
cele-009-079.CCGCGGCTCA,9
cele-009-079.CGAGCTGCCA,17
cele-009-079.TATGCCGAGT,2
cele-009-080.CAACCAGTAC,1
cele-009-080.CTTGCGGTCT,13
cele-009-080.TTGGCCTATA,22
cele-009-080.CCAGTCCTCT,1
cele-009-080.TAGTACTATC,1
cele-009-080.TGGCCATGCA,29
cele-009-081.TGATAATAGC,9
cele-009-081.CTTCCAAGAA,24
cele-009-082.CGCCAGGCAT,2
cele-009-082.TCTCTCATCC,10
cele-009-082.TGCCTAACTT,9
cele-009-082.CAGCGATAGA,1
cele-009-082.ATAGGATATG,15
cele-009-082.ACGAGGACCT,15
cele-009-083.TCCAGAAGGT,6
cele-009-083.TGAGACTCTA,14
cele-009-084.TAGCTGCTAC,4
cele-009-084.CATCCGACTA,8
cele-009-084.TGATTCAACT,9
cele-009-086.TCCTTACCAA,7
cele-009-086.CATGCTGGTT,24
cele-009-086.TGATTCCTCA,7
cele-009-087.ACGTTGAATG,0
cele-009-087.CGCGTACGAC,31
cele-009-088.ACCAGCGCAG,2
cele-009-088.AGGAGATTGA,6
cele-009-088.TCGCGTACTT,30
cele-009-089.CCATAAGTCC,6
cele-009-090.AACCTAGCTT,0
cele-009-090.GACCAATGCG,18
cele-009-091.CATGCTGGTT,0
cele-009-091.TACTTACTTA,3
cele-009-091.TGGCGTAGGT,6
cele-009-091.ACGACCAATA,24
cele-009-091.TGCATATAAC,5
cele-009-091.TATAGTAAGC,3
cele-009-091.TGGTCCAGTC,4
cele-009-092.GGATTCTATC,10
cele-009-092.CTGAACTGGT,13
cele-010-001.AAGAAGTTCA,4
cele-010-001.CAACTTGGAT,12
cele-010-001.AACCTCAAGA,4
cele-010-001.CAAGCTTCAT,1
cele-010-001.GTCCAACTCA,5
cele-010-002.GAATCGACGT,1
cele-010-002.AGATATATCG,0
cele-010-002.TTCTCTGAGA,7
cele-010-003.CGATCCTGGA,24
cele-010-003.AATACTCTTC,14
cele-010-003.CTTGCGGTCT,16
cele-010-003.AATACGCAGG,0
cele-010-003.CCGCTAGCTG,32
cele-010-003.CAGGAGGAGA,3
cele-010-004.ATTGAGATTG,0
cele-010-004.CCATTCGTAA,1
cele-010-004.TACTTACTTA,12
cele-010-004.TATAACTTCC,16
cele-010-005.AGAGGTCGCA,11
cele-010-005.GCTCTAACGA,0
cele-010-005.CAGGAGGAGA,7
cele-010-006.GATAAGGCAA,4
cele-010-006.TCTCCTATAA,13
cele-010-007.GCCATCAACT,1
cele-010-007.AGGAGATTGA,1
cele-010-007.CTCGGAGCAA,15
cele-010-007.TCCGGTAATC,0
cele-010-007.TTCTCTGAGA,32
cele-010-007.ACGATACCGG,10
cele-010-008.TTATCGTATT,13
cele-010-008.TCGTCAACTT,1
cele-010-008.ACTGGTAGAT,12
cele-010-008.TATCCTCAAT,13
cele-010-009.TTAACGCCGT,25
cele-010-009.TTCTCTACTA,22
cele-010-009.AAGCTGACCT,18
cele-010-009.TATATGAAGT,1
cele-010-009.TGGTCCAGTC,16
cele-010-010.CCATTCGTAA,1
cele-010-010.TAGAATAGCC,10
cele-010-011.ATATGAGCCA,19
cele-010-011.ACGGTCTTGC,13
cele-010-011.ATGCTCGCAA,8
cele-010-011.TTCTCTGAGA,11
cele-010-011.GGCAATGAGA,12
cele-010-012.CCGCTATATT,5
cele-010-012.TATAGTAAGC,13
cele-010-012.AATATTCGAA,4
cele-010-012.AATACTTGCG,6
cele-010-013.CGGCGAGACC,5
cele-010-013.GCAATTACTC,4
cele-010-014.TCGTAGCATC,16
cele-010-014.ATAGACTAGG,1
cele-010-014.CTCTGCGGCA,3
cele-010-015.CGGATGAAGG,6
cele-010-015.ACTGAATTCC,3
cele-010-015.GTTCCGCTAA,4
cele-010-015.ACTCCGCCAA,0
cele-010-015.TGATTCCTCA,15
cele-010-017.GACCTCTCTG,0
cele-010-018.TCTCCTATAA,2
cele-010-020.CGAAGGCATG,4
cele-010-020.CTTATCCTAC,11
cele-010-021.ATTGCGCTGA,0
cele-010-021.TTAACGCCGT,15
cele-010-021.CAGGTATGGA,21
cele-010-022.CCATAAGTCC,4
cele-010-023.GGATTGACTC,1
cele-010-023.CCGCAGCCGC,8
cele-010-024.TATGGCCGCG,6
cele-010-024.AGCGTCAATG,7
cele-010-024.TTCTACGCCA,12
cele-010-024.TGCCTATTAT,3
cele-010-025.ATAAGAGGCG,3
cele-010-025.ACCGCAGAAT,1
cele-010-025.CCAACTAACC,0
cele-010-026.TAGGAAGGCA,3
cele-010-028.AGGTAATTCC,1
cele-010-028.AGCGGTAACG,14
cele-010-028.AATACGCAGG,5
cele-010-028.GGCTTCTGGA,24
cele-010-029.CATGCATCTC,0
cele-010-030.CCGTCCAGTA,6
cele-010-030.ATCGTATCAA,21
cele-010-030.CTGGTTGGTT,10
cele-010-030.AACGGACCAA,11
cele-010-030.TGCATATAAC,0
cele-010-030.AGCTAAGAAT,11
cele-010-031.CTGAAGAGAC,11
cele-010-031.TGCGCCTGGT,9
cele-010-032.ACCTAGTTAG,19
cele-010-032.TTGAATTATA,29
cele-010-033.CTCTGCGGCA,24
cele-010-033.ACTGGTAGAT,27
cele-010-033.CCGCTATATT,9
cele-010-033.CCGCTAGCTG,8
cele-010-034.GCTCTCGCCT,24
cele-010-034.TGGAGAATTC,2
cele-010-035.TGAGGTAGAA,9
cele-010-036.CCGCGATTAT,19
cele-010-036.ACTGAATTCC,1
cele-010-036.CGAATTCGTT,5
cele-010-036.CATGAGAACT,9
cele-010-036.CAAGCTTGGC,13
cele-010-037.GCAGCGGACT,2
cele-010-037.TCGCGTACTT,3
cele-010-038.AGTCCGCGGA,17
cele-010-038.ATCCTACCTC,1
cele-010-039.CTGCAATCGC,14
cele-010-041.CGGATGAAGG,2
cele-010-041.GTCGACGGAA,23
cele-010-042.TAGCTGCTAC,8
cele-010-042.GCGACGCCTT,0
cele-010-042.CATACGATGC,18
cele-010-042.TCGATATTGA,4
cele-010-042.CATAGTTCGG,4
cele-010-043.ACTCGACGCC,2
cele-010-043.CTTGCGGTCT,5
cele-010-043.ACGCGCTCCT,4
cele-010-045.TACTTACTTA,19
cele-010-045.CGCCTCGAAC,27
cele-010-045.TTGGAATCTC,8
cele-010-045.ACTCCGCCAA,13
cele-010-046.ATAGACTAGG,12
cele-010-046.CTTGCATAAT,13
cele-010-046.AATACTTGCG,3
cele-010-046.CTCGATGGAG,5
cele-010-047.CCATCGGACC,4
cele-010-047.TAGTACTATC,15
cele-010-048.TTCTTATCGA,7
cele-010-048.GCGCTCGACG,1
cele-010-049.TCGATATTGA,1
cele-010-050.AACCTAGCTT,23
cele-010-050.TCAGGACTTA,4
cele-010-051.AAGTCTAATA,1
cele-010-052.CGGCGCTGGC,25
cele-010-053.TGCCTAACTT,2
cele-010-053.CCATTCGTAA,0
cele-010-053.CCGTATCTGG,13
cele-010-053.CTACGACGAG,3
cele-010-054.GGCTATGACT,0
cele-010-054.GACCGTAGCA,2
cele-010-055.CGGCAGAGGA,0
cele-010-055.GCCTGATATA,20
cele-010-055.CTGGCTTCCT,29
cele-010-056.AACCTCAAGA,14
cele-010-057.TCATCTAATC,26
cele-010-057.CATAACCAGC,1
cele-010-058.CCGCGCTATA,1
cele-010-058.TACTTACTTA,6
cele-010-058.TGCGCCTGGT,0
cele-010-060.AGAGCCAGCC,15
cele-010-060.GTTGACGGCC,17
cele-010-060.GGACGACGCA,15
cele-010-062.ACTAATTGAG,9
cele-010-062.AAGCTGACCT,1
cele-010-063.ACTCGACGCC,3
cele-010-063.CTCGTCTAGG,17
cele-010-063.TGGAACTAGA,17
cele-010-063.TACTTACTTA,19
cele-010-063.TATAACTTCC,8
cele-010-064.GGACTACTAC,10
cele-010-064.CCGCAAGTTC,0
cele-010-064.GTCATTGCGC,16
cele-010-064.AACCTCAAGA,12
cele-010-065.ACTCGACGCC,11
cele-010-065.CGCATCCATC,2
cele-010-065.TGGCGTAGGT,19
cele-010-065.AGTTGCATCT,0
cele-010-065.TGCGCGATGC,2
cele-010-066.GATATGGTCT,7
cele-010-068.AATTGCCTAC,0
cele-010-068.ATAGGATATG,5
cele-010-068.TATCCTCAAT,15
cele-010-069.AGGTAATTCC,23
cele-010-069.GCAGACCGGT,7
cele-010-069.TCTCTCATCC,26
cele-010-069.AATCAGCTGC,3
cele-010-069.TCCGGTAATC,3
cele-010-069.TCGATATTGA,8
cele-010-069.ACTGGTAGAT,0
cele-010-069.ATTCTCCTCT,1
cele-010-070.CATGACTCAA,0
cele-010-070.TGAGGTAGAA,9
cele-010-070.TACCTAATCA,0
cele-010-070.TGGCTGATGA,13
cele-010-071.TGCAGCCTAC,29
cele-010-072.GGTCGCTATG,6
cele-010-073.AACTACGGCT,23
cele-010-073.CCGCGGCTCA,4
cele-010-073.AAGCCGGCTG,3
cele-010-074.AAGTTACCTA,23
cele-010-074.GATGATCGTA,1
cele-010-074.CTATTAACCA,16
cele-010-075.CCAAGCTGAA,25
cele-010-076.ACGGCAACCA,1
cele-010-077.AATGAATAGT,23
cele-010-077.CATGCTGGTT,27
cele-010-077.TCATCTAATC,6
cele-010-077.ATTAACTTAA,10
cele-010-078.AGCGGTAACG,17
cele-010-078.TATTACTCAT,8
cele-010-078.CTTCTCATTG,10
cele-010-078.ATCTAGGTTC,0
cele-010-079.GATGATCGTA,11
cele-010-079.ATGCAATATG,0
cele-010-079.CCGCTATATT,1
cele-010-079.TCCGCCTACT,1
cele-010-080.ATCCATCAGG,4
cele-010-080.AATCGAACTC,27
cele-010-080.TGGCGTAGGT,12
cele-010-081.GCGGTTATTG,25
cele-010-081.AAGTCTTCCG,9
cele-010-081.TGATTCCTCA,31
cele-010-082.ACCAGCGCAG,16
cele-010-082.AATGGTCGAC,14
cele-010-083.TCTCTCATCC,0
cele-010-083.AGCTTACGAA,12
cele-010-083.ATGCTCGCAA,1
cele-010-084.GCGACGCCTT,2
cele-010-084.GGCGGTTGAC,3
cele-010-084.AGTTGCATCT,27
cele-010-084.CAGGAGGAGA,12
cele-010-084.GCTCATATGC,0
cele-010-085.ACTCTCTCAA,7
cele-010-085.CTTGCGGTCT,26
cele-010-085.CTTAGTTCAA,24
cele-010-085.TAAGATAGGT,1
cele-010-085.AAGTCTTCCG,11
cele-010-085.ACTTCCGAAT,23
cele-010-086.CAGCGATAGA,3
cele-010-086.CCTATAAGCT,6
cele-010-086.TAGTACTATC,18
cele-010-088.GCGACGCCTT,1
cele-010-088.GTTCCGACGA,1
cele-010-088.TGCCAGATGG,9
cele-010-088.GCAAGGAATA,4
cele-010-088.TATCGTCGGC,6
cele-010-089.TTCTCTACTA,5
cele-010-089.CCATCGGACC,2
cele-010-089.TCTAGTCAAG,3
cele-010-090.ACCGACCTCA,11
cele-010-090.GTTACGCAAG,1
cele-010-090.CTATTCGGCC,24
cele-010-090.ATCTCCTACG,1
cele-010-090.TCGATATTGA,5
cele-010-090.CAGGCGCCAT,9
cele-010-091.CGGAAGATAT,3
cele-010-091.TTGGAATCTC,13
cele-010-092.TGAGCTACTT,0
cele-010-092.TGATACGAGT,5
cele-010-092.CTACGACGAG,1
cele-010-092.TCCGCCTACT,10
